timestamp,fragment_id,lap_number,elapsed_time,distance_traveled,accuracy,altitude,bearing,device_update_rate,fix_type,latitude,longitude,speed,combined_acc,device_update_rate,lateral_acc,lean_angle,longitudinal_acc,speed
unix time,,,s,m,m,m,deg,Hz,,deg,deg,m/s,G,Hz,G,deg,G,m/s
,,,,,100: gps,100: gps,100: gps,100: gps,100: gps,100: gps,100: gps,100: gps,calc,calc,calc,calc,calc,calc
1707196362.059,0,,0.05,0.0,9.588,360.281,,,1.0,47.5524072,-122.1328745,0.0,,20.0,,,,0.0
1707196362.109,0,,0.1,0.0,9.588,360.281,,,1.0,47.5524072,-122.1328745,0.0,,20.0,,,,0.0
1707196362.159,0,,0.15,0.0,9.588,360.281,,,1.0,47.5524072,-122.1328745,0.0,,20.0,,,,0.0
1707196362.209,0,,0.2,0.0,9.588,360.281,,,1.0,47.5524072,-122.1328745,0.0,,20.0,,,,0.0
1707196362.259,0,,0.25,0.0,9.588,360.281,,,1.0,47.5524072,-122.1328745,0.0,,20.0,,,,0.0
1707196362.309,0,,0.3,0.0,9.588,360.281,,,1.0,47.5524072,-122.1328745,0.0,,20.0,,,,0.0
1707196362.359,0,,0.35,0.0,9.588,360.281,,,1.0,47.5524072,-122.1328745,0.0,,20.0,,,,0.0
1707196362.409,0,,0.4,0.0,9.588,360.281,,,1.0,47.5524072,-122.1328745,0.0,,20.0,,,,0.0
1707196362.459,0,,0.45,0.0,9.588,360.281,,,1.0,47.5524072,-122.1328745,0.0,,20.0,,,,0.0
1707196362.509,0,,0.5,0.0,9.588,360.281,,,1.0,47.5524072,-122.1328745,0.0,,20.0,,,,0.0
1707196362.559,0,,0.55,0.0,9.588,360.281,,,1.0,47.5524072,-122.1328745,0.0,,20.0,,,,0.0
1707196362.609,0,,0.6,0.0,9.588,360.281,,,1.0,47.5524072,-122.1328745,0.0,,20.0,,,,0.0
1707196362.659,0,,0.65,0.0,9.588,360.281,,,1.0,47.5524072,-122.1328745,0.0,,20.0,,,,0.0
1707196362.709,0,,0.7,0.0,9.588,360.281,,,1.0,47.5524072,-122.1328745,0.0,,20.0,,,,0.0
1707196362.759,0,,0.75,0.0,9.588,360.281,,,1.0,47.5524072,-122.1328745,0.0,,20.0,,,,0.0
1707196362.809,0,,0.8,0.0,9.588,360.281,,,1.0,47.5524072,-122.1328745,0.0,,20.0,,,,0.0
1707196362.859,0,,0.85,0.0,9.588,360.281,,,1.0,47.5524072,-122.1328745,0.0,,20.0,,,,0.0
1707196362.909,0,,0.9,0.0,9.588,360.281,,,1.0,47.5524072,-122.1328745,0.0,,20.0,,,,0.0
1707196362.959,0,,0.95,0.0,9.588,360.281,,,1.0,47.5524072,-122.1328745,0.0,,20.0,,,,0.0
1707196363.009,0,,1.0,0.0,9.588,360.281,,,1.0,47.5524072,-122.1328745,0.0,,20.0,,,,0.0
1707196363.059,0,,1.05,0.0,9.588,360.281,,,1.0,47.5524072,-122.1328745,0.0,,20.0,,,,0.0
1707196363.109,0,,1.1,0.0,9.588,360.281,,,1.0,47.5524072,-122.1328745,0.0,,20.0,,,,0.0
1707196363.159,0,,1.15,0.0,9.588,360.281,,,1.0,47.5524072,-122.1328745,0.0,,20.0,,,,0.0
1707196363.209,0,,1.2,0.0,9.588,360.281,,,1.0,47.5524072,-122.1328745,0.0,,20.0,,,,0.0
1707196363.259,0,,1.25,0.0,9.588,360.281,,,1.0,47.5524072,-122.1328745,0.0,,20.0,,,,0.0
1707196363.309,0,,1.3,0.0,9.588,360.281,,,1.0,47.5524072,-122.1328745,0.0,,20.0,,,,0.0
1707196363.359,0,,1.35,0.0,9.588,360.281,,,1.0,47.5524072,-122.1328745,0.0,,20.0,,,,0.0
1707196363.409,0,,1.4,0.0,9.588,360.281,,,1.0,47.5524072,-122.1328745,0.0,,20.0,,,,0.0
1707196363.459,0,,1.45,0.0,9.588,360.281,,,1.0,47.5524072,-122.1328745,0.0,,20.0,,,,0.0
1707196363.509,0,,1.5,0.0,9.588,360.281,,,1.0,47.5524072,-122.1328745,0.0,,20.0,,,,0.0
1707196363.559,0,,1.55,0.0,9.588,360.281,,,1.0,47.5524072,-122.1328745,0.0,,20.0,,,,0.0
1707196363.609,0,,1.6,0.0,9.588,360.281,,,1.0,47.5524072,-122.1328745,0.0,,20.0,,,,0.0
1707196363.659,0,,1.65,0.0,9.588,360.281,,,1.0,47.5524072,-122.1328745,0.0,,20.0,,,,0.0
1707196363.709,0,,1.7,0.0,9.588,360.281,,,1.0,47.5524072,-122.1328745,0.0,,20.0,,,,0.0
1707196363.759,0,,1.75,0.0,9.588,360.281,,,1.0,47.5524072,-122.1328745,0.0,,20.0,,,,0.0
1707196363.809,0,,1.8,0.0,9.588,360.281,,,1.0,47.5524072,-122.1328745,0.0,,20.0,,,,0.0
1707196363.859,0,,1.85,0.0,9.588,360.281,,,1.0,47.5524072,-122.1328745,0.0,,20.0,,,,0.0
1707196363.909,0,,1.9,0.0,9.588,360.281,,,1.0,47.5524072,-122.1328745,0.0,,20.0,,,,0.0
1707196363.959,0,,1.95,0.0,9.588,360.281,,,1.0,47.5524072,-122.1328745,0.0,,20.0,,,,0.0
1707196364.009,0,,2.0,0.0,9.588,360.281,,,1.0,47.5524072,-122.1328745,0.0,,20.0,,,,0.0
1707196364.059,0,,2.05,0.0,9.588,360.281,,,1.0,47.5524072,-122.1328745,0.0,,20.0,,,,0.0
1707196364.109,0,,2.1,0.0,9.588,360.281,,,1.0,47.5524072,-122.1328745,0.0,,20.0,,,,0.0
1707196364.159,0,,2.15,0.0,9.588,360.281,,,1.0,47.5524072,-122.1328745,0.0,,20.0,,,,0.0
1707196364.209,0,,2.2,0.0,9.588,360.281,,,1.0,47.5524072,-122.1328745,0.0,,20.0,,,,0.0
1707196364.259,0,,2.25,0.0,9.588,360.281,,,1.0,47.5524072,-122.1328745,0.0,,20.0,,,,0.0
1707196364.309,0,,2.3,0.0,9.588,360.281,,,1.0,47.5524072,-122.1328745,0.0,,20.0,,,,0.0
1707196364.359,0,,2.35,0.0,9.588,360.281,,,1.0,47.5524072,-122.1328745,0.0,,20.0,,,,0.0
1707196364.409,0,,2.4,0.0,9.588,360.281,,,1.0,47.5524072,-122.1328745,0.0,,20.0,,,,0.0
1707196364.459,0,,2.45,0.0,9.588,360.281,,,1.0,47.5524072,-122.1328745,0.0,,20.0,,,,0.0
1707196364.509,0,,2.5,0.0,9.588,360.281,,,1.0,47.5524072,-122.1328745,0.0,,20.0,,,,0.0
1707196364.559,0,,2.55,0.0,9.588,360.281,,,1.0,47.5524072,-122.1328745,0.0,,20.0,,,,0.0
1707196364.609,0,,2.6,0.0,9.588,360.281,,,1.0,47.5524072,-122.1328745,0.0,,20.0,,,,0.0
1707196364.659,0,,2.65,0.0,9.588,360.281,,,1.0,47.5524072,-122.1328745,0.0,,20.0,,,,0.0
1707196364.709,0,,2.7,0.0,9.588,360.281,,,1.0,47.5524072,-122.1328745,0.0,,20.0,,,,0.0
1707196364.759,0,,2.75,0.0,9.588,360.281,,,1.0,47.5524072,-122.1328745,0.0,,20.0,,,,0.0
1707196364.809,0,,2.8,0.0,9.588,360.281,,,1.0,47.5524072,-122.1328745,0.0,,20.0,,,,0.0
1707196364.859,0,,2.85,0.0,9.588,360.281,,,1.0,47.5524072,-122.1328745,0.0,,20.0,,,,0.0
1707196364.909,0,,2.9,0.0,9.588,360.281,,,1.0,47.5524072,-122.1328745,0.0,,20.0,,,,0.0
1707196364.959,0,,2.95,0.0,9.588,360.281,,,1.0,47.5524072,-122.1328745,0.0,,20.0,,,,0.0
1707196365.009,0,,3.0,0.0,9.588,360.281,,,1.0,47.5524072,-122.1328745,0.0,,20.0,,,,0.0
1707196365.059,0,,3.05,0.0,9.588,360.281,,,1.0,47.5524072,-122.1328745,0.0,,20.0,,,,0.0
1707196365.109,0,,3.1,0.0,9.588,360.281,,,1.0,47.5524072,-122.1328745,0.0,,20.0,,,,0.0
1707196365.159,0,,3.15,0.0,9.588,360.281,,,1.0,47.5524072,-122.1328745,0.0,,20.0,,,,0.0
1707196365.209,0,,3.2,0.0,9.588,360.281,,,1.0,47.5524072,-122.1328745,0.0,,20.0,,,,0.0
1707196365.259,0,,3.25,0.0,9.588,360.281,,,1.0,47.5524072,-122.1328745,0.0,,20.0,,,,0.0
1707196365.309,0,,3.3,0.0,9.588,360.281,,,1.0,47.5524072,-122.1328745,0.0,,20.0,,,,0.0
1707196365.359,0,,3.35,0.0,9.588,360.281,,,1.0,47.5524072,-122.1328745,0.0,,20.0,,,,0.0
1707196365.409,0,,3.4,0.0,9.588,360.281,,,1.0,47.5524072,-122.1328745,0.0,,20.0,,,,0.0
1707196365.459,0,,3.45,0.0,9.588,360.281,,,1.0,47.5524072,-122.1328745,0.0,,20.0,,,,0.0
1707196365.509,0,,3.5,0.0,9.588,360.281,,,1.0,47.5524072,-122.1328745,0.0,,20.0,,,,0.0
1707196365.559,0,,3.55,0.0,9.588,360.281,,,1.0,47.5524072,-122.1328745,0.0,,20.0,,,,0.0
1707196365.609,0,,3.6,0.0,9.588,360.281,,,1.0,47.5524072,-122.1328745,0.0,,20.0,,,,0.0
1707196365.659,0,,3.65,0.0,9.588,360.281,,,1.0,47.5524072,-122.1328745,0.0,,20.0,,,,0.0
1707196365.709,0,,3.7,0.0,9.588,360.281,,,1.0,47.5524072,-122.1328745,0.0,,20.0,,,,0.0
1707196365.759,0,,3.75,0.0,9.588,360.281,,,1.0,47.5524072,-122.1328745,0.0,,20.0,,,,0.0
1707196365.809,0,,3.8,0.0,9.588,360.281,,,1.0,47.5524072,-122.1328745,0.0,,20.0,,,,0.0
1707196365.859,0,,3.85,0.0,9.588,360.281,,,1.0,47.5524072,-122.1328745,0.0,,20.0,,,,0.0
1707196365.909,0,,3.9,0.0,9.588,360.281,,,1.0,47.5524072,-122.1328745,0.0,,20.0,,,,0.0
1707196365.959,0,,3.95,0.0,9.588,360.281,,,1.0,47.5524072,-122.1328745,0.0,,20.0,,,,0.0
1707196366.009,0,,4.0,0.0,9.588,360.281,,,1.0,47.5524072,-122.1328745,0.0,,20.0,,,,0.0
1707196366.059,0,,4.05,0.0,9.588,360.281,,,1.0,47.5524072,-122.1328745,0.0,,20.0,,,,0.0
1707196366.109,0,,4.1,0.0,9.588,360.281,,,1.0,47.5524072,-122.1328745,0.0,,20.0,,,,0.0
1707196366.159,0,,4.15,0.0,9.588,360.281,,,1.0,47.5524072,-122.1328745,0.0,,20.0,,,,0.0
1707196366.209,0,,4.2,0.0,9.588,360.281,,,1.0,47.5524072,-122.1328745,0.0,,20.0,,,,0.0
1707196366.259,0,,4.25,0.0,9.588,360.281,,,1.0,47.5524072,-122.1328745,0.0,,20.0,,,,0.0
1707196366.309,0,,4.3,0.0,9.588,360.281,,,1.0,47.5524072,-122.1328745,0.0,,20.0,,,,0.0
1707196366.359,0,,4.35,0.0,9.588,360.281,,,1.0,47.5524072,-122.1328745,0.0,,20.0,,,,0.0
1707196366.409,0,,4.4,0.0,9.588,360.281,,,1.0,47.5524072,-122.1328745,0.0,,20.0,,,,0.0
1707196366.459,0,,4.45,0.0,9.588,360.281,,,1.0,47.5524072,-122.1328745,0.0,,20.0,,,,0.0
1707196366.509,0,,4.5,0.0,9.588,360.281,,,1.0,47.5524072,-122.1328745,0.0,,20.0,,,,0.0
1707196366.559,0,,4.55,0.0,9.588,360.281,,,1.0,47.5524072,-122.1328745,0.0,,20.0,,,,0.0
1707196366.609,0,,4.6,0.0,9.588,360.281,,,1.0,47.5524072,-122.1328745,0.0,,20.0,,,,0.0
1707196366.659,0,,4.65,0.0,9.588,360.281,,,1.0,47.5524072,-122.1328745,0.0,,20.0,,,,0.0
1707196366.709,0,,4.7,0.0,9.588,360.281,,,1.0,47.5524072,-122.1328745,0.0,,20.0,,,,0.0
1707196366.759,0,,4.75,0.0,9.588,360.281,,,1.0,47.5524072,-122.1328745,0.0,,20.0,,,,0.0
1707196366.809,0,,4.8,0.0,9.588,360.281,,,1.0,47.5524072,-122.1328745,0.0,,20.0,,,,0.0
1707196366.859,0,,4.85,0.0,9.588,360.281,,,1.0,47.5524072,-122.1328745,0.0,,20.0,,,,0.0
1707196366.909,0,,4.9,0.0,9.588,360.281,,,1.0,47.5524072,-122.1328745,0.0,,20.0,,,,0.0
1707196366.959,0,,4.95,0.0,9.588,360.281,,,1.0,47.5524072,-122.1328745,0.0,,20.0,,,,0.0
1707196367.009,0,,5.0,0.0,9.588,360.281,,,1.0,47.5524072,-122.1328745,0.0,,20.0,,,,0.0
1707196367.059,0,,5.05,0.0,9.588,360.281,,,1.0,47.5524072,-122.1328745,0.0,,20.0,,,,0.0
1707196367.109,0,,5.1,0.0,9.588,360.281,,,1.0,47.5524072,-122.1328745,0.0,,20.0,,,,0.0
1707196367.159,0,,5.15,0.0,9.588,360.281,,,1.0,47.5524072,-122.1328745,0.0,,20.0,,,,0.0
1707196367.209,0,,5.2,0.0,9.588,360.281,,,1.0,47.5524072,-122.1328745,0.0,,20.0,,,,0.0
1707196367.259,0,,5.25,0.0,9.588,360.281,,,1.0,47.5524072,-122.1328745,0.0,,20.0,,,,0.0
1707196367.309,0,,5.3,0.0,9.588,360.281,,,1.0,47.5524072,-122.1328745,0.0,,20.0,,,,0.0
1707196367.359,0,,5.35,0.0,9.588,360.281,,,1.0,47.5524072,-122.1328745,0.0,,20.0,,,,0.0
1707196367.409,0,,5.4,0.0,9.588,360.281,,,1.0,47.5524072,-122.1328745,0.0,,20.0,,,,0.0
1707196367.459,0,,5.45,0.0,9.588,360.281,,,1.0,47.5524072,-122.1328745,0.0,,20.0,,,,0.0
1707196367.509,0,,5.5,0.0,9.588,360.281,,,1.0,47.5524072,-122.1328745,0.0,,20.0,,,0.00017,0.0
1707196367.559,0,,5.55,0.0,9.588,360.281,,,1.0,47.5524072,-122.1328745,0.0,,20.0,,,0.00031,0.0
1707196367.609,0,,5.6,0.0,9.588,360.281,,,1.0,47.5524072,-122.1328745,0.0,,20.0,,,0.00043,0.0
1707196367.659,0,,5.65,0.0,9.588,360.281,,,1.0,47.5524072,-122.1328745,0.0,,20.0,,,0.00053,0.0
1707196367.709,0,,5.7,0.0,9.588,360.281,,,1.0,47.5524072,-122.1328745,0.0,,20.0,,,0.00062,0.0
1707196367.759,0,,5.75,0.0,9.588,360.281,,,1.0,47.5524072,-122.1328745,0.0,,20.0,,,0.00071,0.0
1707196367.809,0,,5.8,0.0,9.588,360.281,,,1.0,47.5524072,-122.1328745,0.0,,20.0,,,0.00079,0.0
1707196367.859,0,,5.85,0.0,9.588,360.281,,,1.0,47.5524072,-122.1328745,0.0,,20.0,,,0.00089,0.0
1707196367.909,0,,5.9,0.0,9.588,360.281,,,1.0,47.5524072,-122.1328745,0.0,,20.0,,,0.00099,0.0
1707196367.959,0,,5.95,0.0,9.588,360.281,,,1.0,47.5524072,-122.1328745,0.0,,20.0,,,0.0011,0.0
1707196368.009,0,,6.0,0.0,9.588,360.281,,,1.0,47.5524072,-122.1328745,0.0,,20.0,,,0.00123,0.0
1707196368.038,0,,6.029,0.0,9.588,360.281,,0.16586,1.0,47.5524072,-122.1328745,0.0,,20.0,,,0.00132,0.00495
1707196368.059,0,,6.05,0.04705,9.61932,360.28099,,0.16596,1.0,47.5524076,-122.1328743,0.00853,,20.0,,,0.00138,0.00853
1707196368.109,0,,6.1,0.15907,9.69388,360.28097,,0.1662,1.0,47.5524086,-122.132874,0.02883,,20.0,,,0.00154,0.02883
1707196368.159,0,,6.15,0.2711,9.76844,360.28095,,0.16643,1.0,47.5524095,-122.1328736,0.04913,,20.0,,,0.00173,0.04913
1707196368.209,0,,6.2,0.38312,9.843,360.28093,,0.16667,1.0,47.5524105,-122.1328733,0.06944,,20.0,,,0.00195,0.06944
1707196368.259,0,,6.25,0.49514,9.91756,360.28092,,0.1669,1.0,47.5524115,-122.1328729,0.08974,,20.0,,,0.00219,0.08974
1707196368.309,0,,6.3,0.60717,9.99212,360.2809,,0.16714,1.0,47.5524125,-122.1328726,0.11004,,20.0,,,0.00245,0.11004
1707196368.359,0,,6.35,0.71919,10.06669,360.28088,,0.16737,1.0,47.5524134,-122.1328722,0.13035,,20.0,,,0.00275,0.13035
1707196368.409,0,,6.4,0.83122,10.14125,360.28086,,0.16761,1.0,47.5524144,-122.1328718,0.15065,,20.0,,,0.00306,0.15065
1707196368.459,0,,6.45,0.94324,10.21581,360.28084,,0.16785,1.0,47.5524154,-122.1328715,0.17095,,20.0,,,0.0034,0.17095
1707196368.509,0,,6.5,1.05526,10.29037,360.28082,,0.16808,1.0,47.5524164,-122.1328711,0.19125,,20.0,,,0.00376,0.19125
1707196368.559,0,,6.55,1.16729,10.36493,360.2808,,0.16832,1.0,47.5524174,-122.1328708,0.21156,,20.0,,,0.00413,0.21156
1707196368.609,0,,6.6,1.27931,10.4395,360.28078,,0.16855,1.0,47.5524183,-122.1328704,0.23186,,20.0,,,0.00451,0.23186
1707196368.659,0,,6.65,1.39133,10.51406,360.28076,,0.16879,1.0,47.5524193,-122.1328701,0.25216,,20.0,,,0.0049,0.25216
1707196368.709,0,,6.7,1.50336,10.58862,360.28074,,0.16902,1.0,47.5524203,-122.1328697,0.27247,,20.0,,,0.00529,0.27247
1707196368.759,0,,6.75,1.61538,10.66318,360.28073,,0.16926,1.0,47.5524213,-122.1328693,0.29277,,20.0,,,0.00569,0.29277
1707196368.809,0,,6.8,1.7274,10.73774,360.28071,,0.16949,1.0,47.5524222,-122.132869,0.31307,,20.0,,,0.00608,0.31307
1707196368.859,0,,6.85,1.83943,10.8123,360.28069,,0.16973,1.0,47.5524232,-122.1328686,0.33337,,20.0,,,0.00648,0.33337
1707196368.909,0,,6.9,1.95145,10.88687,360.28067,,0.16996,1.0,47.5524242,-122.1328683,0.35368,,20.0,,,0.00687,0.35368
1707196368.959,0,,6.95,2.06348,10.96143,360.28065,,0.1702,1.0,47.5524252,-122.1328679,0.37398,,20.0,,,0.00727,0.37398
1707196369.009,0,,7.0,2.1755,11.03599,360.28063,,0.17043,1.0,47.5524262,-122.1328676,0.39428,,20.0,,,0.00766,0.39428
1707196369.059,0,,7.05,2.28752,11.11055,360.28061,,0.17067,1.0,47.5524271,-122.1328672,0.41459,,20.0,,,0.00806,0.41459
1707196369.109,0,,7.1,2.39955,11.18511,360.28059,,0.1709,1.0,47.5524281,-122.1328668,0.43489,,20.0,,,0.00845,0.43489
1707196369.159,0,,7.15,2.51157,11.25967,360.28057,,0.17114,1.0,47.5524291,-122.1328665,0.45519,,20.0,,,0.00884,0.45519
1707196369.209,0,,7.2,2.62359,11.33424,360.28055,,0.17137,1.0,47.5524301,-122.1328661,0.4755,,20.0,,,0.00924,0.4755
1707196369.259,0,,7.25,2.73562,11.4088,360.28053,,0.17161,1.0,47.5524311,-122.1328658,0.4958,,20.0,,,0.00963,0.4958
1707196369.309,0,,7.3,2.84764,11.48336,360.28052,,0.17184,1.0,47.552432,-122.1328654,0.5161,,20.0,,,0.01003,0.5161
1707196369.359,0,,7.35,2.95966,11.55792,360.2805,,0.17208,1.0,47.552433,-122.1328651,0.5364,,20.0,,,0.01042,0.5364
1707196369.409,0,,7.4,3.07169,11.63248,360.28048,,0.17231,1.0,47.552434,-122.1328647,0.55671,,20.0,,,0.01082,0.55671
1707196369.459,0,,7.45,3.18371,11.70704,360.28046,,0.17255,1.0,47.552435,-122.1328643,0.57701,,20.0,,,0.01121,0.57701
1707196369.509,0,,7.5,3.29574,11.78161,360.28044,,0.17278,1.0,47.5524359,-122.132864,0.59731,,20.0,,,0.01161,0.59731
1707196369.559,0,,7.55,3.40776,11.85617,360.28042,,0.17302,1.0,47.5524369,-122.1328636,0.61762,,20.0,,,0.012,0.61762
1707196369.609,0,,7.6,3.51978,11.93073,360.2804,,0.17325,1.0,47.5524379,-122.1328633,0.63792,,20.0,,,0.0124,0.63792
1707196369.659,0,,7.65,3.63181,12.00529,360.28038,,0.17349,1.0,47.5524389,-122.1328629,0.65822,,20.0,,,0.01279,0.65822
1707196369.709,0,,7.7,3.74383,12.07985,360.28036,,0.17372,1.0,47.5524399,-122.1328626,0.67853,,20.0,,,0.01318,0.67853
1707196369.759,0,,7.75,3.85585,12.15442,360.28034,,0.17396,1.0,47.5524408,-122.1328622,0.69883,,20.0,,,0.01358,0.69883
1707196369.809,0,,7.8,3.96788,12.22898,360.28033,,0.17419,1.0,47.5524418,-122.1328618,0.71913,,20.0,,,0.01397,0.71913
1707196369.859,0,,7.85,4.0799,12.30354,360.28031,,0.17443,1.0,47.5524428,-122.1328615,0.73943,,20.0,,,0.01437,0.73943
1707196369.909,0,,7.9,4.19192,12.3781,360.28029,,0.17467,1.0,47.5524438,-122.1328611,0.75974,,20.0,,,0.01476,0.75974
1707196369.959,0,,7.95,4.30395,12.45266,360.28027,,0.1749,1.0,47.5524447,-122.1328608,0.78004,,20.0,,,0.01516,0.78004
1707196370.009,0,,8.0,4.41597,12.52722,360.28025,,0.17514,1.0,47.5524457,-122.1328604,0.80034,,20.0,,,0.01555,0.80034
1707196370.059,0,,8.05,4.528,12.60179,360.28023,,0.17537,1.0,47.5524467,-122.1328601,0.82065,,20.0,,,0.01595,0.82065
1707196370.109,0,,8.1,4.64002,12.67635,360.28021,,0.17561,1.0,47.5524477,-122.1328597,0.84095,,20.0,,,0.01634,0.84095
1707196370.159,0,,8.15,4.75204,12.75091,360.28019,,0.17584,1.0,47.5524487,-122.1328593,0.86125,,20.0,,,0.01673,0.86125
1707196370.209,0,,8.2,4.86407,12.82547,360.28017,,0.17608,1.0,47.5524496,-122.132859,0.88156,,20.0,,,0.01713,0.88156
1707196370.259,0,,8.25,4.97609,12.90003,360.28015,,0.17631,1.0,47.5524506,-122.1328586,0.90186,,20.0,,,0.01752,0.90186
1707196370.309,0,,8.3,5.08811,12.97459,360.28013,,0.17655,1.0,47.5524516,-122.1328583,0.92216,,20.0,,,0.01792,0.92216
1707196370.359,0,,8.35,5.20014,13.04916,360.28012,,0.17678,1.0,47.5524526,-122.1328579,0.94246,,20.0,,,0.01831,0.94246
1707196370.409,0,,8.4,5.31216,13.12372,360.2801,,0.17702,1.0,47.5524536,-122.1328576,0.96277,,20.0,,,0.01871,0.96277
1707196370.459,0,,8.45,5.42418,13.19828,360.28008,,0.17725,1.0,47.5524545,-122.1328572,0.98307,,20.0,,,0.0191,0.98307
1707196370.509,0,,8.5,5.53621,13.27284,360.28006,,0.17749,1.0,47.5524555,-122.1328568,1.00337,,20.0,,,0.0195,1.00337
1707196370.559,0,,8.55,5.64823,13.3474,360.28004,,0.17772,1.0,47.5524565,-122.1328565,1.02368,,20.0,,,0.01989,1.02368
1707196370.609,0,,8.6,5.76025,13.42196,360.28002,,0.17796,1.0,47.5524575,-122.1328561,1.04398,,20.0,,,0.02029,1.04398
1707196370.659,0,,8.65,5.87228,13.49653,360.28,,0.17819,1.0,47.5524584,-122.1328558,1.06428,,20.0,,,0.02068,1.06428
1707196370.709,0,,8.7,5.9843,13.57109,360.27998,,0.17843,1.0,47.5524594,-122.1328554,1.08458,,20.0,,,0.02107,1.08458
1707196370.759,0,,8.75,6.09633,13.64565,360.27996,,0.17866,1.0,47.5524604,-122.1328551,1.10489,,20.0,,,0.02147,1.10489
1707196370.809,0,,8.8,6.20835,13.72021,360.27994,,0.1789,1.0,47.5524614,-122.1328547,1.12519,,20.0,,,0.02186,1.12519
1707196370.859,0,,8.85,6.32037,13.79477,360.27992,,0.17913,1.0,47.5524624,-122.1328543,1.14549,,20.0,,,0.02226,1.14549
1707196370.909,0,,8.9,6.4324,13.86933,360.27991,,0.17937,1.0,47.5524633,-122.132854,1.1658,,20.0,,,0.02265,1.1658
1707196370.959,0,,8.95,6.54442,13.9439,360.27989,,0.1796,1.0,47.5524643,-122.1328536,1.1861,,20.0,,,0.02305,1.1861
1707196371.009,0,,9.0,6.65644,14.01846,360.27987,,0.17984,1.0,47.5524653,-122.1328533,1.2064,,20.0,,,0.02344,1.2064
1707196371.059,0,,9.05,6.76847,14.09302,360.27985,,0.18007,1.0,47.5524663,-122.1328529,1.22671,,20.0,,,0.02384,1.22671
1707196371.109,0,,9.1,6.88049,14.16758,360.27983,,0.18031,1.0,47.5524672,-122.1328526,1.24701,,20.0,,,0.02423,1.24701
1707196371.159,0,,9.15,6.99251,14.24214,360.27981,,0.18054,1.0,47.5524682,-122.1328522,1.26731,,20.0,,,0.02462,1.26731
1707196371.209,0,,9.2,7.10454,14.31671,360.27979,,0.18078,1.0,47.5524692,-122.1328518,1.28761,,20.0,,,0.02502,1.28761
1707196371.259,0,,9.25,7.21656,14.39127,360.27977,,0.18101,1.0,47.5524702,-122.1328515,1.30792,,20.0,,,0.02541,1.30792
1707196371.309,0,,9.3,7.32859,14.46583,360.27975,,0.18125,1.0,47.5524712,-122.1328511,1.32822,,20.0,,,0.02581,1.32822
1707196371.359,0,,9.35,7.44061,14.54039,360.27973,,0.18149,1.0,47.5524721,-122.1328508,1.34852,,20.0,,,0.0262,1.34852
1707196371.409,0,,9.4,7.55263,14.61495,360.27972,,0.18172,1.0,47.5524731,-122.1328504,1.36883,,20.0,,,0.0266,1.36883
1707196371.459,0,,9.45,7.66466,14.68951,360.2797,,0.18196,1.0,47.5524741,-122.1328501,1.38913,,20.0,,,0.02699,1.38913
1707196371.509,0,,9.5,7.77668,14.76408,360.27968,,0.18219,1.0,47.5524751,-122.1328497,1.40943,,20.0,,,0.02739,1.40943
1707196371.559,0,,9.55,7.8887,14.83864,360.27966,,0.18243,1.0,47.552476,-122.1328493,1.42974,,20.0,,,0.02778,1.42974
1707196371.609,0,,9.6,8.00073,14.9132,360.27964,,0.18266,1.0,47.552477,-122.132849,1.45004,,20.0,,,0.02818,1.45004
1707196371.659,0,,9.65,8.11275,14.98776,360.27962,,0.1829,1.0,47.552478,-122.1328486,1.47034,,20.0,,,0.02857,1.47034
1707196371.709,0,,9.7,8.22477,15.06232,360.2796,,0.18313,1.0,47.552479,-122.1328483,1.49064,,20.0,,,0.02896,1.49064
1707196371.759,0,,9.75,8.3368,15.13688,360.27958,,0.18337,1.0,47.55248,-122.1328479,1.51095,,20.0,,,0.02936,1.51095
1707196371.809,0,,9.8,8.44882,15.21145,360.27956,,0.1836,1.0,47.5524809,-122.1328476,1.53125,,20.0,,,0.02975,1.53125
1707196371.859,0,,9.85,8.56085,15.28601,360.27954,,0.18384,1.0,47.5524819,-122.1328472,1.55155,,20.0,,,0.03015,1.55155
1707196371.909,0,,9.9,8.67287,15.36057,360.27952,,0.18407,1.0,47.5524829,-122.1328468,1.57186,,20.0,,,0.03054,1.57186
1707196371.959,0,,9.95,8.78489,15.43513,360.27951,,0.18431,1.0,47.5524839,-122.1328465,1.59216,,20.0,,,0.03094,1.59216
1707196372.009,0,,10.0,8.89692,15.50969,360.27949,,0.18454,1.0,47.5524849,-122.1328461,1.61246,,20.0,,,0.03133,1.61246
1707196372.059,0,,10.05,9.00894,15.58425,360.27947,,0.18478,1.0,47.5524858,-122.1328458,1.63277,,20.0,,,0.03173,1.63277
1707196372.109,0,,10.1,9.12096,15.65882,360.27945,,0.18501,1.0,47.5524868,-122.1328454,1.65307,,20.0,,,0.03212,1.65307
1707196372.159,0,,10.15,9.23299,15.73338,360.27943,,0.18525,1.0,47.5524878,-122.1328451,1.67337,,20.0,,,0.03251,1.67337
1707196372.209,0,,10.2,9.34501,15.80794,360.27941,,0.18548,1.0,47.5524888,-122.1328447,1.69367,,20.0,,,0.03291,1.69367
1707196372.259,0,,10.25,9.45703,15.8825,360.27939,,0.18572,1.0,47.5524897,-122.1328443,1.71398,,20.0,,,0.0333,1.71398
1707196372.309,0,,10.3,9.56906,15.95706,360.27937,,0.18595,1.0,47.5524907,-122.132844,1.73428,,20.0,,,0.0337,1.73428
1707196372.359,0,,10.35,9.68108,16.03163,360.27935,,0.18619,1.0,47.5524917,-122.1328436,1.75458,,20.0,,,0.03409,1.75458
1707196372.409,0,,10.4,9.79311,16.10619,360.27933,,0.18642,1.0,47.5524927,-122.1328433,1.77489,,20.0,,,0.03449,1.77489
1707196372.459,0,,10.45,9.90513,16.18075,360.27932,,0.18666,1.0,47.5524937,-122.1328429,1.79519,,20.0,,,0.03488,1.79519
1707196372.509,0,,10.5,10.01715,16.25531,360.2793,,0.18689,1.0,47.5524946,-122.1328426,1.81549,,20.0,,,0.03528,1.81549
1707196372.559,0,,10.55,10.12918,16.32987,360.27928,,0.18713,1.0,47.5524956,-122.1328422,1.83579,,20.0,,,0.03567,1.83579
1707196372.609,0,,10.6,10.2412,16.40443,360.27926,,0.18736,1.0,47.5524966,-122.1328418,1.8561,,20.0,,,0.03607,1.8561
1707196372.659,0,,10.65,10.35322,16.479,360.27924,,0.1876,1.0,47.5524976,-122.1328415,1.8764,,20.0,,,0.03646,1.8764
1707196372.709,0,,10.7,10.46525,16.55356,360.27922,,0.18783,1.0,47.5524985,-122.1328411,1.8967,,20.0,,,0.03685,1.8967
1707196372.759,0,,10.75,10.57727,16.62812,360.2792,,0.18807,1.0,47.5524995,-122.1328408,1.91701,,20.0,,,0.03724,1.91701
1707196372.809,0,,10.8,10.68929,16.70268,360.27918,,0.18831,1.0,47.5525005,-122.1328404,1.93731,0.0,20.0,,,0.03762,1.93731
1707196372.859,0,,10.85,10.80132,16.77724,360.27916,,0.18854,1.0,47.5525015,-122.1328401,1.95761,0.0,20.0,,,0.03798,1.95761
1707196372.909,0,,10.9,10.91334,16.8518,360.27914,,0.18878,1.0,47.5525025,-122.1328397,1.97792,0.0,20.0,,,0.03831,1.97792
1707196372.959,0,,10.95,11.02537,16.92637,360.27912,,0.18901,1.0,47.5525034,-122.1328393,1.99822,0.0,20.0,,,0.03858,1.99822
1707196373.009,0,,11.0,11.13739,17.00093,360.27911,,0.18925,1.0,47.5525044,-122.132839,2.01852,0.0,20.0,,,0.03878,2.01852
1707196373.059,0,,11.05,11.24941,17.07549,360.27909,,0.18948,1.0,47.5525054,-122.1328386,2.03882,0.0,20.0,,,0.03888,2.03882
1707196373.109,0,,11.1,11.36144,17.15005,360.27907,,0.18972,1.0,47.5525064,-122.1328383,2.05913,0.0,20.0,,,0.03885,2.05913
1707196373.159,0,,11.15,11.47346,17.22461,360.27905,,0.18995,1.0,47.5525073,-122.1328379,2.07943,0.0,20.0,,,0.03865,2.07943
1707196373.209,0,,11.2,11.58548,17.29917,360.27903,,0.19019,1.0,47.5525083,-122.1328376,2.09973,0.0,20.0,,,0.03826,2.09973
1707196373.259,0,,11.25,11.69751,17.37374,360.27901,,0.19042,1.0,47.5525093,-122.1328372,2.12004,0.0,20.0,,,0.03766,2.12004
1707196373.286,0,,11.277,11.758,17.414,360.279,270.129,0.19055,1.0,47.5525098,-122.132837,2.131,0.0,20.0,,,0.03721,2.12596
1707196373.309,0,,11.3,11.79963,17.34794,360.02685,270.129,0.20917,1.0,47.5525099,-122.1328376,2.131,0.0,20.0,,,0.03683,2.131
1707196373.359,0,,11.35,11.89013,17.20434,359.4787,270.129,0.24964,1.0,47.55251,-122.1328388,2.131,0.0,20.0,,,0.03577,2.131
1707196373.409,0,,11.4,11.98063,17.06074,358.93055,270.129,0.29011,1.0,47.55251,-122.13284,2.131,0.0,20.0,,,0.0345,2.131
1707196373.459,0,,11.45,12.07113,16.91714,358.3824,270.129,0.33058,1.0,47.5525101,-122.1328412,2.131,0.0,20.0,,,0.03304,2.131
1707196373.509,0,,11.5,12.16163,16.77354,357.83425,270.129,0.37106,1.0,47.5525102,-122.1328424,2.131,0.0,20.0,,,0.03141,2.131
1707196373.559,0,,11.55,12.25213,16.62994,357.2861,270.129,0.41153,1.0,47.5525103,-122.1328436,2.131,0.0,20.0,,,0.02964,2.131
1707196373.609,0,,11.6,12.34263,16.48634,356.73795,270.129,0.452,1.0,47.5525104,-122.1328448,2.131,0.0,20.0,,,0.02777,2.131
1707196373.659,0,,11.65,12.43313,16.34274,356.1898,270.129,0.49247,1.0,47.5525105,-122.132846,2.131,0.0,20.0,,,0.02583,2.131
1707196373.709,0,,11.7,12.52363,16.19914,355.64165,270.129,0.53295,1.0,47.5525105,-122.1328472,2.131,0.0,20.0,,,0.02383,2.131
1707196373.759,0,,11.75,12.61413,16.05554,355.0935,270.129,0.57342,1.0,47.5525106,-122.1328484,2.131,0.00388,20.0,-0.05263,3.01284,0.0218,2.131
1707196373.809,0,,11.8,12.70463,15.91194,354.54535,270.129,0.61389,1.0,47.5525107,-122.1328496,2.131,0.00683,20.0,-0.05277,3.02061,0.01976,2.131
1707196373.859,0,,11.85,12.79513,15.76834,353.9972,270.129,0.65436,1.0,47.5525108,-122.1328508,2.131,0.01134,20.0,-0.05288,3.02704,0.01771,2.131
1707196373.909,0,,11.9,12.88563,15.62474,353.44905,270.129,0.69484,1.0,47.5525109,-122.132852,2.131,0.01786,20.0,-0.05298,3.03255,0.01567,2.131
1707196373.959,0,,11.95,12.97613,15.48114,352.9009,270.129,0.73531,1.0,47.552511,-122.1328532,2.131,0.02689,20.0,-0.05306,3.03749,0.01366,2.131
1707196374.009,0,,12.0,13.06663,15.33754,352.35275,270.129,0.77578,1.0,47.552511,-122.1328544,2.131,0.0382,20.0,-0.05315,3.04226,0.01169,2.131
1707196374.059,0,,12.05,13.15713,15.19394,351.8046,270.129,0.81625,1.0,47.5525111,-122.1328556,2.131,0.05148,20.0,-0.05323,3.04709,0.00977,2.131
1707196374.109,0,,12.1,13.24763,15.05034,351.25645,270.129,0.85673,1.0,47.5525112,-122.1328568,2.131,0.06599,20.0,-0.05332,3.05217,0.00791,2.131
1707196374.159,0,,12.15,13.33813,14.90674,350.7083,270.129,0.8972,1.0,47.5525113,-122.132858,2.131,0.08005,20.0,-0.05342,3.05772,0.00613,2.131
1707196374.209,0,,12.2,13.42863,14.76314,350.16015,270.129,0.93767,1.0,47.5525114,-122.1328592,2.131,0.09222,20.0,-0.05353,3.06392,0.00445,2.131
1707196374.259,0,,12.25,13.51913,14.61954,349.612,270.129,0.97814,1.0,47.5525115,-122.1328604,2.131,0.10101,20.0,-0.05365,3.07089,0.00288,2.131
1707196374.286,0,,12.277,13.568,14.542,349.316,283.961,1.0,1.0,47.5525115,-122.132861,2.131,0.10322,20.0,-0.05372,3.07518,0.00209,2.12895
1707196374.309,0,,12.3,13.60397,14.53671,349.34756,283.961,1.0,1.0,47.5525116,-122.1328615,2.1272,0.10509,20.0,-0.05379,3.07883,0.00142,2.1272
1707196374.359,0,,12.35,13.68217,14.52521,349.41616,283.961,1.0,1.0,47.5525117,-122.1328625,2.11895,0.1041,20.0,-0.05395,3.08786,0.00007,2.11895
1707196374.409,0,,12.4,13.76037,14.51371,349.48476,283.961,1.0,1.0,47.5525118,-122.1328635,2.11071,0.09824,20.0,-0.05413,3.09815,-0.00117,2.11071
1707196374.459,0,,12.45,13.83857,14.50221,349.55336,283.961,1.0,1.0,47.5525119,-122.1328645,2.10245,0.08871,20.0,-0.05433,3.10979,-0.00231,2.10245
1707196374.509,0,,12.5,13.91677,14.49071,349.62196,283.961,1.0,1.0,47.5525121,-122.1328656,2.0942,0.0769,20.0,-0.05456,3.12285,-0.00337,2.0942
1707196374.559,0,,12.55,13.99497,14.47921,349.69056,283.961,1.0,1.0,47.5525122,-122.1328666,2.08596,0.06421,20.0,-0.05481,3.13739,-0.00436,2.08596
1707196374.609,0,,12.6,14.07317,14.46771,349.75916,283.961,1.0,1.0,47.5525123,-122.1328676,2.0777,0.05233,20.0,-0.05509,3.15334,-0.00531,2.0777
1707196374.659,0,,12.65,14.15137,14.45621,349.82776,283.961,1.0,1.0,47.5525124,-122.1328686,2.06945,0.04204,20.0,-0.05539,3.1706,-0.00621,2.06945
1707196374.709,0,,12.7,14.22957,14.44471,349.89636,283.961,1.0,1.0,47.5525126,-122.1328697,2.0612,0.03371,20.0,-0.05572,3.18901,-0.00709,2.0612
1707196374.759,0,,12.75,14.30777,14.43321,349.96496,283.961,1.0,1.0,47.5525127,-122.1328707,2.05296,0.03188,20.0,-0.05604,3.20771,-0.00795,2.05296
1707196374.809,0,,12.8,14.38597,14.42171,350.03356,283.961,1.0,1.0,47.5525128,-122.1328717,2.0447,0.03096,20.0,-0.05635,3.22525,-0.0088,2.0447
1707196374.859,0,,12.85,14.46417,14.41021,350.10216,283.961,1.0,1.0,47.5525129,-122.1328727,2.03645,0.03324,20.0,-0.05661,3.24011,-0.00964,2.03645
1707196374.909,0,,12.9,14.54237,14.39871,350.17076,283.961,1.0,1.0,47.5525131,-122.1328738,2.02821,0.03685,20.0,-0.0568,3.25063,-0.01048,2.02821
1707196374.959,0,,12.95,14.62057,14.38721,350.23936,283.961,1.0,1.0,47.5525132,-122.1328748,2.01995,0.04695,20.0,-0.05684,3.2532,-0.01132,2.01995
1707196375.009,0,,13.0,14.69877,14.37571,350.30796,283.961,1.0,1.0,47.5525133,-122.1328758,2.0117,0.05959,20.0,-0.05669,3.24423,-0.01215,2.0117
1707196375.059,0,,13.05,14.77697,14.36421,350.37656,283.961,1.0,1.0,47.5525134,-122.1328768,2.00345,0.0744,20.0,-0.05625,3.21941,-0.01298,2.00345
1707196375.109,0,,13.1,14.85517,14.35271,350.44516,283.961,1.0,1.0,47.5525136,-122.1328779,1.9952,0.09055,20.0,-0.05546,3.17386,-0.01381,1.9952
1707196375.159,0,,13.15,14.93337,14.34121,350.51376,283.961,1.0,1.0,47.5525137,-122.1328789,1.98695,0.10616,20.0,-0.05421,3.10266,-0.01463,1.98695
1707196375.209,0,,13.2,15.01157,14.32971,350.58236,283.961,1.0,1.0,47.5525138,-122.1328799,1.9787,0.11959,20.0,-0.05244,3.00134,-0.01545,1.9787
1707196375.259,0,,13.25,15.08977,14.31821,350.65096,283.961,1.0,1.0,47.5525139,-122.1328809,1.97045,0.12918,20.0,-0.05009,2.86647,-0.01626,1.97045
1707196375.286,0,,13.277,15.132,14.312,350.688,301.103,1.0,1.0,47.552514,-122.1328815,1.966,0.13148,20.0,-0.04848,2.7745,-0.0167,1.96414
1707196375.309,0,,13.3,15.16558,14.32293,350.69416,301.103,1.0,1.0,47.552514,-122.1328819,1.95875,0.13344,20.0,-0.04711,2.69615,-0.01706,1.95875
1707196375.359,0,,13.35,15.23858,14.34668,350.70756,301.103,1.0,1.0,47.5525141,-122.1328829,1.943,0.13198,20.0,-0.04351,2.4903,-0.01786,1.943
1707196375.409,0,,13.4,15.31158,14.37043,350.72096,301.103,1.0,1.0,47.5525142,-122.1328839,1.92725,0.12506,20.0,-0.03932,2.25068,-0.01865,1.92725
1707196375.459,0,,13.45,15.38458,14.39418,350.73436,301.103,1.0,1.0,47.5525143,-122.1328848,1.9115,0.11403,20.0,-0.03461,1.98062,-0.01943,1.9115
1707196375.509,0,,13.5,15.45758,14.41793,350.74776,301.103,1.0,1.0,47.5525143,-122.1328858,1.89575,0.10047,20.0,-0.02943,1.68452,-0.02021,1.89575
1707196375.559,0,,13.55,15.53058,14.44168,350.76116,301.103,1.0,1.0,47.5525144,-122.1328868,1.88,0.08597,20.0,-0.02389,1.3673,-0.02099,1.88
1707196375.609,0,,13.6,15.60358,14.46543,350.77456,301.103,1.0,1.0,47.5525145,-122.1328877,1.86425,0.07243,20.0,-0.01806,1.03384,-0.02176,1.86425
1707196375.659,0,,13.65,15.67658,14.48918,350.78796,301.103,1.0,1.0,47.5525146,-122.1328887,1.8485,0.06072,20.0,-0.01202,0.68852,-0.02253,1.8485
1707196375.709,0,,13.7,15.74958,14.51293,350.80136,301.103,1.0,1.0,47.5525146,-122.1328897,1.83275,0.05126,20.0,-0.00584,0.335,-0.02329,1.83275
1707196375.759,0,,13.75,15.82258,14.53668,350.81476,301.103,1.0,1.0,47.5525147,-122.1328906,1.817,0.0491,20.0,0.00042,-0.02325,-0.02406,1.817
1707196375.809,0,,13.8,15.89558,14.56043,350.82816,301.103,1.0,1.0,47.5525148,-122.1328916,1.80125,0.04792,20.0,0.0067,-0.38294,-0.02482,1.80125
1707196375.859,0,,13.85,15.96858,14.58418,350.84156,301.103,1.0,1.0,47.5525149,-122.1328926,1.7855,0.05031,20.0,0.01297,-0.74135,-0.02557,1.7855
1707196375.909,0,,13.9,16.04158,14.60793,350.85496,301.103,1.0,1.0,47.5525149,-122.1328935,1.76975,0.05411,20.0,0.01915,-1.09527,-0.02632,1.76975
1707196375.959,0,,13.95,16.11458,14.63168,350.86836,301.103,1.0,1.0,47.552515,-122.1328945,1.754,0.0651,20.0,0.0252,-1.44116,-0.02704,1.754
1707196376.009,0,,14.0,16.18758,14.65543,350.88176,301.103,1.0,1.0,47.5525151,-122.1328955,1.73825,0.07878,20.0,0.03104,-1.77538,-0.02775,1.73825
1707196376.059,0,,14.05,16.26058,14.67918,350.89516,301.103,1.0,1.0,47.5525152,-122.1328964,1.7225,0.09472,20.0,0.0366,-2.09357,-0.02843,1.7225
1707196376.109,0,,14.1,16.33358,14.70293,350.90856,301.103,1.0,1.0,47.5525152,-122.1328974,1.70675,0.11195,20.0,0.04179,-2.39081,-0.02906,1.70675
1707196376.159,0,,14.15,16.40658,14.72668,350.92196,301.103,1.0,1.0,47.5525153,-122.1328984,1.691,0.12836,20.0,0.04654,-2.66212,-0.02965,1.691
1707196376.209,0,,14.2,16.47958,14.75043,350.93536,301.103,1.0,1.0,47.5525154,-122.1328993,1.67525,0.14213,20.0,0.05075,-2.90297,-0.03017,1.67525
1707196376.259,0,,14.25,16.55258,14.77418,350.94876,301.103,1.0,1.0,47.5525155,-122.1329003,1.6595,0.15146,20.0,0.05436,-3.10992,-0.03063,1.6595
1707196376.286,0,,14.277,16.592,14.787,350.956,278.096,1.0,1.0,47.5525155,-122.1329008,1.651,0.15322,20.0,0.05598,-3.20231,-0.03085,1.65092
1707196376.309,0,,14.3,16.61719,14.7871,350.95785,278.096,0.99425,1.0,47.5525153,-122.132901,1.64361,0.15472,20.0,0.05735,-3.28102,-0.03103,1.64361
1707196376.359,0,,14.35,16.67194,14.78733,350.96188,278.096,0.98175,1.0,47.5525149,-122.1329015,1.62753,0.15158,20.0,0.05971,-3.4162,-0.03135,1.62753
1707196376.409,0,,14.4,16.72669,14.78755,350.9659,278.096,0.96925,1.0,47.5525145,-122.1329019,1.61146,0.14237,20.0,0.06148,-3.51724,-0.03161,1.61146
1707196376.459,0,,14.45,16.78144,14.78778,350.96993,278.096,0.95675,1.0,47.5525142,-122.1329024,1.59538,0.1287,20.0,0.06271,-3.58751,-0.03181,1.59538
1707196376.509,0,,14.5,16.83619,14.788,350.97395,278.096,0.94425,1.0,47.5525138,-122.1329028,1.57931,0.11238,20.0,0.06347,-3.63146,-0.03196,1.57931
1707196376.559,0,,14.55,16.89094,14.78823,350.97798,278.096,0.93175,1.0,47.5525134,-122.1329033,1.56323,0.09522,20.0,0.06387,-3.65405,-0.03207,1.56323
1707196376.609,0,,14.6,16.94569,14.78845,350.982,278.096,0.91925,1.0,47.552513,-122.1329037,1.54716,0.07934,20.0,0.06397,-3.66023,-0.03215,1.54716
1707196376.659,0,,14.65,17.00044,14.78868,350.98603,278.096,0.90675,1.0,47.5525126,-122.1329042,1.53108,0.0657,20.0,0.06387,-3.65442,-0.0322,1.53108
1707196376.709,0,,14.7,17.05519,14.7889,350.99005,278.096,0.89425,1.0,47.5525122,-122.1329046,1.51501,0.05474,20.0,0.06362,-3.64031,-0.03224,1.51501
1707196376.759,0,,14.75,17.10994,14.78913,350.99408,278.096,0.88175,1.0,47.5525118,-122.1329051,1.49893,0.04673,20.0,0.06328,-3.62076,-0.03227,1.49893
1707196376.809,0,,14.8,17.16469,14.78935,350.9981,278.096,0.86925,1.0,47.5525114,-122.1329055,1.48286,0.04119,20.0,0.06288,-3.59783,-0.03229,1.48286
1707196376.859,0,,14.85,17.21944,14.78958,351.00213,278.096,0.85675,1.0,47.5525111,-122.132906,1.46678,0.03755,20.0,0.06244,-3.57289,-0.03231,1.46678
1707196376.909,0,,14.9,17.27419,14.7898,351.00615,278.096,0.84425,1.0,47.5525107,-122.1329064,1.45071,0.03278,20.0,0.06199,-3.54718,-0.03233,1.45071
1707196376.959,0,,14.95,17.32894,14.79003,351.01018,278.096,0.83175,1.0,47.5525103,-122.1329069,1.43463,0.03278,20.0,0.06154,-3.52148,-0.03234,1.43463
1707196377.009,0,,15.0,17.38369,14.79025,351.0142,278.096,0.81925,1.0,47.5525099,-122.1329073,1.41856,0.03278,20.0,0.06109,-3.49578,-0.03236,1.41856
1707196377.059,0,,15.05,17.43844,14.79048,351.01823,278.096,0.80675,1.0,47.5525095,-122.1329078,1.40248,0.03278,20.0,0.06064,-3.47007,-0.03238,1.40248
1707196377.109,0,,15.1,17.49319,14.7907,351.02225,278.096,0.79425,1.0,47.5525091,-122.1329082,1.38641,0.03278,20.0,0.06019,-3.44437,-0.03239,1.38641
1707196377.159,0,,15.15,17.54794,14.79093,351.02628,278.096,0.78175,1.0,47.5525087,-122.1329087,1.37033,0.03278,20.0,0.05974,-3.41866,-0.03241,1.37033
1707196377.209,0,,15.2,17.60269,14.79115,351.0303,278.096,0.76925,1.0,47.5525083,-122.1329091,1.35426,0.03278,20.0,0.05929,-3.39296,-0.03243,1.35426
1707196377.259,0,,15.25,17.65744,14.79138,351.03433,278.096,0.75675,1.0,47.552508,-122.1329096,1.33818,0.03278,20.0,0.05884,-3.36725,-0.03244,1.33818
1707196377.309,0,,15.3,17.71219,14.7916,351.03835,278.096,0.74425,1.0,47.5525076,-122.13291,1.32211,0.03278,20.0,0.05839,-3.34155,-0.03246,1.32211
1707196377.359,0,,15.35,17.76694,14.79183,351.04238,278.096,0.73175,1.0,47.5525072,-122.1329105,1.30603,0.03278,20.0,0.05794,-3.31584,-0.03248,1.30603
1707196377.409,0,,15.4,17.82169,14.79205,351.0464,278.096,0.71925,1.0,47.5525068,-122.1329109,1.28996,0.03278,20.0,0.05749,-3.29014,-0.03249,1.28996
1707196377.459,0,,15.45,17.87644,14.79228,351.05043,278.096,0.70675,1.0,47.5525064,-122.1329114,1.27388,0.03278,20.0,0.05704,-3.26443,-0.03251,1.27388
1707196377.509,0,,15.5,17.93119,14.7925,351.05445,278.096,0.69425,1.0,47.552506,-122.1329118,1.25781,0.03278,20.0,0.05659,-3.23873,-0.03253,1.25781
1707196377.559,0,,15.55,17.98594,14.79273,351.05848,278.096,0.68175,1.0,47.5525056,-122.1329123,1.24173,0.03278,20.0,0.05614,-3.21303,-0.03254,1.24173
1707196377.609,0,,15.6,18.04069,14.79295,351.0625,278.096,0.66925,1.0,47.5525052,-122.1329127,1.22566,0.03278,20.0,0.05569,-3.18732,-0.03256,1.22566
1707196377.659,0,,15.65,18.09544,14.79318,351.06653,278.096,0.65675,1.0,47.5525049,-122.1329132,1.20958,0.03278,20.0,0.05524,-3.16162,-0.03258,1.20958
1707196377.709,0,,15.7,18.15019,14.7934,351.07055,278.096,0.64425,1.0,47.5525045,-122.1329136,1.19351,0.03278,20.0,0.05479,-3.13591,-0.03259,1.19351
1707196377.759,0,,15.75,18.20494,14.79363,351.07458,278.096,0.63175,1.0,47.5525041,-122.1329141,1.17743,0.03978,20.0,0.05436,-3.11124,-0.03261,1.17743
1707196377.809,0,,15.8,18.25969,14.79385,351.0786,278.096,0.61925,1.0,47.5525037,-122.1329145,1.16136,0.04519,20.0,0.05394,-3.0872,-0.03263,1.16136
1707196377.859,0,,15.85,18.31444,14.79408,351.08263,278.096,0.60675,1.0,47.5525033,-122.132915,1.14528,0.05346,20.0,0.05353,-3.06404,-0.03265,1.14528
1707196377.909,0,,15.9,18.36918,14.7943,351.08665,278.096,0.59425,1.0,47.5525029,-122.1329154,1.12921,0.06542,20.0,0.05315,-3.04199,-0.03268,1.12921
1707196377.959,0,,15.95,18.42394,14.79453,351.09068,278.096,0.58175,1.0,47.5525025,-122.1329159,1.11313,0.08184,20.0,0.05278,-3.02134,-0.03272,1.11313
1707196378.009,0,,16.0,18.47869,14.79475,351.0947,278.096,0.56925,1.0,47.5525021,-122.1329163,1.09706,0.10236,20.0,0.05245,-3.00225,-0.03277,1.09706
1707196378.059,0,,16.05,18.53344,14.79498,351.09873,278.096,0.55675,1.0,47.5525018,-122.1329168,1.08098,0.12637,20.0,0.05214,-2.98485,-0.03284,1.08098
1707196378.109,0,,16.1,18.58819,14.7952,351.10275,278.096,0.54425,1.0,47.5525014,-122.1329172,1.06491,0.1525,20.0,0.05187,-2.96921,-0.03294,1.06491
1707196378.159,0,,16.15,18.64294,14.79543,351.10678,278.096,0.53175,1.0,47.552501,-122.1329177,1.04883,0.17764,20.0,0.05163,-2.95527,-0.03306,1.04883
1707196378.209,0,,16.2,18.69768,14.79565,351.1108,278.096,0.51925,1.0,47.5525006,-122.1329181,1.03276,0.19915,20.0,0.05141,-2.94296,-0.03322,1.03276
1707196378.259,0,,16.25,18.75244,14.79588,351.11483,278.096,0.50675,1.0,47.5525002,-122.1329186,1.01668,0.21431,20.0,0.05122,-2.93215,-0.03342,1.01668
1707196378.286,0,,16.277,18.782,14.796,351.117,222.805,0.5,1.0,47.5525,-122.1329188,1.008,0.21776,20.0,0.05113,-2.92702,-0.03355,1.00573
1707196378.309,0,,16.3,18.79455,14.79501,351.1172,222.805,0.5,1.0,47.5524999,-122.132919,0.99641,0.2207,20.0,0.05106,-2.92265,-0.03366,0.99641
1707196378.359,0,,16.35,18.82182,14.79286,351.11762,222.805,0.5,1.0,47.5524998,-122.1329193,0.97121,0.21772,20.0,0.05091,-2.9143,-0.03394,0.97121
1707196378.409,0,,16.4,18.8491,14.79071,351.11805,222.805,0.5,1.0,47.5524997,-122.1329196,0.94601,0.20581,20.0,0.05078,-2.90689,-0.03426,0.94601
1707196378.459,0,,16.45,18.87637,14.78856,351.11847,222.805,0.5,1.0,47.5524996,-122.1329199,0.92081,0.18722,20.0,0.05066,-2.90024,-0.03461,0.92081
1707196378.509,0,,16.5,18.90365,14.78641,351.1189,222.805,0.5,1.0,47.5524994,-122.1329202,0.89561,0.16456,20.0,0.05056,-2.89416,-0.035,0.89561
1707196378.559,0,,16.55,18.93092,14.78426,351.11932,222.805,0.5,1.0,47.5524993,-122.1329205,0.87041,0.14045,20.0,0.05046,-2.88837,-0.03541,0.87041
1707196378.609,0,,16.6,18.9582,14.78211,351.11975,222.805,0.5,1.0,47.5524992,-122.1329209,0.84521,0.11798,20.0,0.05036,-2.88267,-0.03584,0.84521
1707196378.659,0,,16.65,18.98547,14.77996,351.12017,222.805,0.5,1.0,47.5524991,-122.1329212,0.82001,0.0986,20.0,0.05025,-2.87676,-0.03628,0.82001
1707196378.709,0,,16.7,19.01275,14.77781,351.1206,222.805,0.5,1.0,47.5524989,-122.1329215,0.79481,0.08295,20.0,0.05014,-2.87016,-0.03673,0.79481
1707196378.759,0,,16.75,19.04002,14.77566,351.12102,222.805,0.5,1.0,47.5524988,-122.1329218,0.76961,0.0715,20.0,0.05,-2.86247,-0.03719,0.76961
1707196378.809,0,,16.8,19.0673,14.77351,351.12145,222.805,0.5,1.0,47.5524987,-122.1329221,0.74441,0.06355,20.0,0.04984,-2.85316,-0.03765,0.74441
1707196378.859,0,,16.85,19.09457,14.77136,351.12187,222.805,0.5,1.0,47.5524986,-122.1329224,0.71921,0.05833,20.0,,,-0.03812,0.71921
1707196378.909,0,,16.9,19.12185,14.76921,351.1223,222.805,0.5,1.0,47.5524984,-122.1329227,0.69401,0.05139,20.0,,,-0.03858,0.69401
1707196378.959,0,,16.95,19.14912,14.76706,351.12272,222.805,0.5,1.0,47.5524983,-122.132923,0.66881,0.05139,20.0,,,-0.03905,0.66881
1707196379.009,0,,17.0,19.1764,14.76491,351.12315,222.805,0.5,1.0,47.5524982,-122.1329234,0.64361,0.05139,20.0,,,-0.03951,0.64361
1707196379.059,0,,17.05,19.20367,14.76276,351.12357,222.805,0.5,1.0,47.5524981,-122.1329237,0.61841,0.05139,20.0,,,-0.03998,0.61841
1707196379.109,0,,17.1,19.23095,14.76061,351.124,222.805,0.5,1.0,47.5524979,-122.132924,0.59321,0.05139,20.0,,,-0.04044,0.59321
1707196379.159,0,,17.15,19.25822,14.75846,351.12442,222.805,0.5,1.0,47.5524978,-122.1329243,0.56801,0.05139,20.0,,,-0.04091,0.56801
1707196379.209,0,,17.2,19.2855,14.75631,351.12485,222.805,0.5,1.0,47.5524977,-122.1329246,0.54281,0.05139,20.0,,,-0.04137,0.54281
1707196379.259,0,,17.25,19.31277,14.75416,351.12527,222.805,0.5,1.0,47.5524976,-122.1329249,0.51761,0.05139,20.0,,,-0.04184,0.51761
1707196379.309,0,,17.3,19.34005,14.75201,351.1257,222.805,0.5,1.0,47.5524974,-122.1329252,0.49241,0.05139,20.0,,,-0.0423,0.49241
1707196379.359,0,,17.35,19.36732,14.74986,351.12612,222.805,0.5,1.0,47.5524973,-122.1329255,0.46721,0.05139,20.0,,,-0.04277,0.46721
1707196379.409,0,,17.4,19.3946,14.74771,351.12655,222.805,0.5,1.0,47.5524972,-122.1329259,0.44201,0.05139,20.0,,,-0.04323,0.44201
1707196379.459,0,,17.45,19.42187,14.74556,351.12697,222.805,0.5,1.0,47.5524971,-122.1329262,0.41681,0.05139,20.0,,,-0.0437,0.41681
1707196379.509,0,,17.5,19.44915,14.74341,351.1274,222.805,0.5,1.0,47.5524969,-122.1329265,0.39161,0.05139,20.0,,,-0.04416,0.39161
1707196379.559,0,,17.55,19.47642,14.74126,351.12782,222.805,0.5,1.0,47.5524968,-122.1329268,0.36641,0.05139,20.0,,,-0.04463,0.36641
1707196379.609,0,,17.6,19.5037,14.73911,351.12825,222.805,0.5,1.0,47.5524967,-122.1329271,0.34121,0.05139,20.0,,,-0.04509,0.34121
1707196379.659,0,,17.65,19.53097,14.73696,351.12867,222.805,0.5,1.0,47.5524966,-122.1329274,0.31601,0.05139,20.0,,,-0.04556,0.31601
1707196379.709,0,,17.7,19.55825,14.73481,351.1291,222.805,0.5,1.0,47.5524964,-122.1329277,0.29081,0.05139,20.0,,,-0.04602,0.29081
1707196379.759,0,,17.75,19.58552,14.73266,351.12952,222.805,0.5,1.0,47.5524963,-122.132928,0.26561,0.05139,20.0,,,-0.04648,0.26561
1707196379.809,0,,17.8,19.6128,14.73051,351.12995,222.805,0.5,1.0,47.5524962,-122.1329284,0.24041,0.05139,20.0,,,-0.04693,0.24041
1707196379.859,0,,17.85,19.64007,14.72836,351.13037,222.805,0.5,1.0,47.5524961,-122.1329287,0.21521,0.05139,20.0,,,-0.04735,0.21521
1707196379.909,0,,17.9,19.66735,14.72621,351.1308,222.805,0.5,1.0,47.5524959,-122.132929,0.19001,0.05139,20.0,,,-0.04773,0.19001
1707196379.959,0,,17.95,19.69462,14.72406,351.13122,222.805,0.5,1.0,47.5524958,-122.1329293,0.16481,0.05139,20.0,,,-0.04805,0.16481
1707196380.009,0,,18.0,19.7219,14.72191,351.13165,222.805,0.5,1.0,47.5524957,-122.1329296,0.13961,0.05139,20.0,,,-0.04827,0.13961
1707196380.059,0,,18.05,19.74917,14.71976,351.13207,222.805,0.5,1.0,47.5524956,-122.1329299,0.11441,0.05139,20.0,,,-0.04837,0.11441
1707196380.109,0,,18.1,19.77645,14.71761,351.1325,222.805,0.5,1.0,47.5524954,-122.1329302,0.08921,0.05139,20.0,,,-0.04831,0.08921
1707196380.159,0,,18.15,19.80372,14.71546,351.13292,222.805,0.5,1.0,47.5524953,-122.1329305,0.06401,0.05139,20.0,,,-0.04805,0.06401
1707196380.209,0,,18.2,19.831,14.71331,351.13335,222.805,0.5,1.0,47.5524952,-122.1329309,0.03881,0.05139,20.0,,,-0.04755,0.03881
1707196380.259,0,,18.25,19.85827,14.71116,351.13377,222.805,0.5,1.0,47.5524951,-122.1329312,0.01361,0.05139,20.0,,,-0.04679,0.01361
1707196380.286,0,,18.277,19.873,14.71,351.134,,0.5,1.0,47.552495,-122.1329313,0.0,0.05139,20.0,,,-0.04623,0.00626
1707196380.309,0,,18.3,19.89089,14.71274,351.13464,,0.5115,1.0,47.5524949,-122.1329315,0.0,0.05139,20.0,,,-0.04575,0.0
1707196380.359,0,,18.35,19.92979,14.71869,351.13604,,0.5365,1.0,47.5524947,-122.132932,0.0,0.05139,20.0,,,-0.04443,0.0
1707196380.409,0,,18.4,19.96869,14.72464,351.13744,,0.5615,1.0,47.5524945,-122.1329324,0.0,0.05139,20.0,,,-0.04284,0.0
1707196380.459,0,,18.45,20.00759,14.73059,351.13884,,0.5865,1.0,47.5524944,-122.1329329,0.0,0.05139,20.0,,,-0.04102,0.0
1707196380.509,0,,18.5,20.04649,14.73654,351.14024,,0.6115,1.0,47.5524942,-122.1329333,0.0,0.05139,20.0,,,-0.03899,0.0
1707196380.559,0,,18.55,20.08539,14.74249,351.14164,,0.6365,1.0,47.552494,-122.1329337,0.0,0.05139,20.0,,,-0.0368,0.0
1707196380.609,0,,18.6,20.12429,14.74844,351.14304,,0.6615,1.0,47.5524938,-122.1329342,0.0,0.05139,20.0,,,-0.03447,0.0
1707196380.659,0,,18.65,20.16319,14.75439,351.14444,,0.6865,1.0,47.5524936,-122.1329346,0.0,0.05139,20.0,,,-0.03206,0.0
1707196380.709,0,,18.7,20.20209,14.76034,351.14584,,0.7115,1.0,47.5524934,-122.1329351,0.0,0.05139,20.0,,,-0.02958,0.0
1707196380.759,0,,18.75,20.24099,14.76629,351.14724,,0.7365,1.0,47.5524933,-122.1329355,0.0,0.05139,20.0,,,-0.02706,0.0
1707196380.809,0,,18.8,20.27989,14.77224,351.14864,,0.7615,1.0,47.5524931,-122.132936,0.0,0.05139,20.0,,,-0.02453,0.0
1707196380.859,0,,18.85,20.31879,14.77819,351.15004,,0.7865,1.0,47.5524929,-122.1329364,0.0,,20.0,,,-0.022,0.0
1707196380.909,0,,18.9,20.35769,14.78414,351.15144,,0.8115,1.0,47.5524927,-122.1329368,0.0,,20.0,,,-0.01951,0.0
1707196380.959,0,,18.95,20.39659,14.79009,351.15284,,0.8365,1.0,47.5524925,-122.1329373,0.0,,20.0,,,-0.01706,0.0
1707196381.009,0,,19.0,20.43549,14.79604,351.15424,,0.8615,1.0,47.5524923,-122.1329377,0.0,,20.0,,,-0.0147,0.0
1707196381.059,0,,19.05,20.47439,14.80199,351.15564,,0.8865,1.0,47.5524922,-122.1329382,0.0,,20.0,,,-0.01243,0.0
1707196381.109,0,,19.1,20.51329,14.80794,351.15704,,0.9115,1.0,47.552492,-122.1329386,0.0,,20.0,,,-0.01031,0.0
1707196381.159,0,,19.15,20.55219,14.81389,351.15844,,0.9365,1.0,47.5524918,-122.132939,0.0,,20.0,,,-0.00836,0.0
1707196381.209,0,,19.2,20.59109,14.81984,351.15984,,0.9615,1.0,47.5524916,-122.1329395,0.0,,20.0,,,-0.0066,0.0
1707196381.259,0,,19.25,20.62999,14.82579,351.16124,,0.9865,1.0,47.5524914,-122.1329399,0.0,,20.0,,,-0.00507,0.0
1707196381.286,0,,19.277,20.651,14.829,351.162,,1.0,1.0,47.5524913,-122.1329402,0.0,,20.0,,,-0.00437,0.0
1707196381.309,0,,19.3,20.65737,14.83592,351.16241,,1.0,1.0,47.5524914,-122.1329402,0.0,,20.0,,,-0.00378,0.0
1707196381.359,0,,19.35,20.67122,14.85097,351.16331,,1.0,1.0,47.5524915,-122.1329403,0.0,,20.0,,,-0.00272,0.0
1707196381.409,0,,19.4,20.68507,14.86602,351.16421,,1.0,1.0,47.5524916,-122.1329405,0.0,,20.0,,,-0.00189,0.0
1707196381.459,0,,19.45,20.69892,14.88107,351.16511,,1.0,1.0,47.5524917,-122.1329406,0.0,,20.0,,,-0.00126,0.0
1707196381.509,0,,19.5,20.71277,14.89612,351.16601,,1.0,1.0,47.5524917,-122.1329407,0.0,,20.0,,,-0.0008,0.0
1707196381.559,0,,19.55,20.72662,14.91117,351.16691,,1.0,1.0,47.5524918,-122.1329408,0.0,,20.0,,,-0.00048,0.0
1707196381.609,0,,19.6,20.74047,14.92622,351.16781,,1.0,1.0,47.5524919,-122.132941,0.0,,20.0,,,-0.00027,0.0
1707196381.659,0,,19.65,20.75432,14.94127,351.16871,,1.0,1.0,47.552492,-122.1329411,0.0,,20.0,,,-0.00014,0.0
1707196381.709,0,,19.7,20.76817,14.95632,351.16961,,1.0,1.0,47.5524921,-122.1329412,0.0,,20.0,,,-0.00006,0.0
1707196381.759,0,,19.75,20.78202,14.97137,351.17051,,1.0,1.0,47.5524922,-122.1329413,0.0,,20.0,,,-0.00002,0.0
1707196381.809,0,,19.8,20.79587,14.98642,351.17141,,1.0,1.0,47.5524923,-122.1329415,0.0,,20.0,,,-0.00001,0.0
1707196381.859,0,,19.85,20.80972,15.00147,351.17231,,1.0,1.0,47.5524924,-122.1329416,0.0,,20.0,,,0.0,0.0
1707196381.909,0,,19.9,20.82357,15.01652,351.17321,,1.0,1.0,47.5524925,-122.1329417,0.0,,20.0,,,0.0,0.0
1707196381.959,0,,19.95,20.83742,15.03157,351.17411,,1.0,1.0,47.5524926,-122.1329418,0.0,,20.0,,,0.0,0.0
1707196382.009,0,,20.0,20.85127,15.04662,351.17501,,1.0,1.0,47.5524927,-122.132942,0.0,,20.0,,,0.0,0.0
1707196382.059,0,,20.05,20.86512,15.06167,351.17591,,1.0,1.0,47.5524928,-122.1329421,0.0,,20.0,,,0.0,0.0
1707196382.109,0,,20.1,20.87897,15.07672,351.17681,,1.0,1.0,47.5524928,-122.1329422,0.0,,20.0,,,0.0,0.0
1707196382.159,0,,20.15,20.89282,15.09177,351.17771,,1.0,1.0,47.5524929,-122.1329423,0.0,,20.0,,,0.0,0.0
1707196382.209,0,,20.2,20.90667,15.10682,351.17861,,1.0,1.0,47.552493,-122.1329425,0.0,,20.0,,,0.0,0.0
1707196382.259,0,,20.25,20.92052,15.12187,351.17951,,1.0,1.0,47.5524931,-122.1329426,0.0,,20.0,,,0.0,0.0
1707196382.286,0,,20.277,20.928,15.13,351.18,,1.0,1.0,47.5524932,-122.1329427,0.0,,20.0,,,0.0,0.0
1707196382.309,0,,20.3,20.93994,15.13439,351.18076,,1.0,1.0,47.5524933,-122.1329427,0.0,,20.0,,,0.0,0.0
1707196382.359,0,,20.35,20.96589,15.14394,351.18241,,1.0,1.0,47.5524935,-122.1329427,0.0,,20.0,,,0.0,0.0
1707196382.409,0,,20.4,20.99184,15.15349,351.18406,,1.0,1.0,47.5524937,-122.1329426,0.0,,20.0,,,0.0,0.0
1707196382.459,0,,20.45,21.01779,15.16304,351.18571,,1.0,1.0,47.552494,-122.1329426,0.0,,20.0,,,0.0,0.0
1707196382.509,0,,20.5,21.04374,15.17259,351.18736,,1.0,1.0,47.5524942,-122.1329426,0.0,,20.0,,,0.0,0.0
1707196382.559,0,,20.55,21.06969,15.18214,351.18901,,1.0,1.0,47.5524944,-122.1329426,0.0,,20.0,,,0.0,0.0
1707196382.609,0,,20.6,21.09564,15.19169,351.19066,,1.0,1.0,47.5524947,-122.1329426,0.0,,20.0,,,0.0,0.0
1707196382.659,0,,20.65,21.12159,15.20124,351.19231,,1.0,1.0,47.5524949,-122.1329426,0.0,,20.0,,,0.0,0.0
1707196382.709,0,,20.7,21.14754,15.21079,351.19396,,1.0,1.0,47.5524951,-122.1329426,0.0,,20.0,,,0.0,0.0
1707196382.759,0,,20.75,21.17349,15.22034,351.19561,,1.0,1.0,47.5524954,-122.1329426,0.0,,20.0,,,0.0,0.0
1707196382.809,0,,20.8,21.19944,15.22989,351.19726,,1.0,1.0,47.5524956,-122.1329426,0.0,,20.0,,,0.0,0.0
1707196382.859,0,,20.85,21.22539,15.23944,351.19891,,1.0,1.0,47.5524958,-122.1329426,0.0,,20.0,,,0.0,0.0
1707196382.909,0,,20.9,21.25134,15.24899,351.20056,,1.0,1.0,47.5524961,-122.1329426,0.0,,20.0,,,0.0,0.0
1707196382.959,0,,20.95,21.27729,15.25854,351.20221,,1.0,1.0,47.5524963,-122.1329426,0.0,,20.0,,,0.0,0.0
1707196383.009,0,,21.0,21.30324,15.26809,351.20386,,1.0,1.0,47.5524965,-122.1329425,0.0,,20.0,,,0.0,0.0
1707196383.059,0,,21.05,21.32919,15.27764,351.20551,,1.0,1.0,47.5524968,-122.1329425,0.0,,20.0,,,0.0,0.0
1707196383.109,0,,21.1,21.35514,15.28719,351.20716,,1.0,1.0,47.552497,-122.1329425,0.0,,20.0,,,0.0,0.0
1707196383.159,0,,21.15,21.38109,15.29674,351.20881,,1.0,1.0,47.5524972,-122.1329425,0.0,,20.0,,,0.0,0.0
1707196383.209,0,,21.2,21.40704,15.30629,351.21046,,1.0,1.0,47.5524975,-122.1329425,0.0,,20.0,,,0.0,0.0
1707196383.259,0,,21.25,21.43299,15.31584,351.21211,,1.0,1.0,47.5524977,-122.1329425,0.0,,20.0,,,0.0,0.0
1707196383.286,0,,21.277,21.447,15.321,351.213,,1.0,1.0,47.5524978,-122.1329425,0.0,,20.0,,,0.0,0.0
1707196383.309,0,,21.3,21.44831,15.32178,351.21404,,1.0,1.0,47.5524978,-122.1329425,0.0,,20.0,,,0.0,0.0
1707196383.359,0,,21.35,21.45116,15.32348,351.21629,,1.0,1.0,47.5524978,-122.1329425,0.0,,20.0,,,0.0,0.0
1707196383.409,0,,21.4,21.45401,15.32518,351.21854,,1.0,1.0,47.5524978,-122.1329425,0.0,,20.0,,,0.0,0.0
1707196383.459,0,,21.45,21.45686,15.32688,351.22079,,1.0,1.0,47.5524977,-122.1329425,0.0,,20.0,,,0.0,0.0
1707196383.509,0,,21.5,21.45971,15.32858,351.22304,,1.0,1.0,47.5524977,-122.1329425,0.0,,20.0,,,0.0,0.0
1707196383.559,0,,21.55,21.46256,15.33028,351.22529,,1.0,1.0,47.5524977,-122.1329425,0.0,,20.0,,,0.0,0.0
1707196383.609,0,,21.6,21.46541,15.33198,351.22754,,1.0,1.0,47.5524977,-122.1329424,0.0,,20.0,,,0.0,0.0
1707196383.659,0,,21.65,21.46826,15.33368,351.22979,,1.0,1.0,47.5524976,-122.1329424,0.0,,20.0,,,0.0,0.0
1707196383.709,0,,21.7,21.47111,15.33538,351.23204,,1.0,1.0,47.5524976,-122.1329424,0.0,,20.0,,,0.0,0.0
1707196383.759,0,,21.75,21.47396,15.33708,351.23429,,1.0,1.0,47.5524976,-122.1329424,0.0,,20.0,,,0.0,0.0
1707196383.809,0,,21.8,21.47681,15.33878,351.23654,,1.0,1.0,47.5524976,-122.1329424,0.0,,20.0,,,0.0,0.0
1707196383.859,0,,21.85,21.47966,15.34048,351.23879,,1.0,1.0,47.5524975,-122.1329424,0.0,,20.0,,,0.0,0.0
1707196383.909,0,,21.9,21.48251,15.34218,351.24104,,1.0,1.0,47.5524975,-122.1329424,0.0,,20.0,,,0.0,0.0
1707196383.959,0,,21.95,21.48536,15.34388,351.24329,,1.0,1.0,47.5524975,-122.1329424,0.0,,20.0,,,0.0,0.0
1707196384.009,0,,22.0,21.48821,15.34558,351.24554,,1.0,1.0,47.5524975,-122.1329424,0.0,,20.0,,,0.0,0.0
1707196384.059,0,,22.05,21.49106,15.34728,351.24778,,1.0,1.0,47.5524974,-122.1329424,0.0,,20.0,,,0.0,0.0
1707196384.109,0,,22.1,21.49391,15.34898,351.25003,,1.0,1.0,47.5524974,-122.1329424,0.0,,20.0,,,0.0,0.0
1707196384.159,0,,22.15,21.49676,15.35068,351.25229,,1.0,1.0,47.5524974,-122.1329424,0.0,,20.0,,,0.0,0.0
1707196384.209,0,,22.2,21.49961,15.35238,351.25454,,1.0,1.0,47.5524974,-122.1329423,0.0,,20.0,,,0.0,0.0
1707196384.259,0,,22.25,21.50246,15.35408,351.25679,,1.0,1.0,47.5524973,-122.1329423,0.0,,20.0,,,0.0,0.0
1707196384.286,0,,22.277,21.504,15.355,351.258,,1.0,1.0,47.5524973,-122.1329423,0.0,,20.0,,,0.0,0.0
1707196384.309,0,,22.3,21.51111,15.35785,351.25795,,1.0,1.0,47.5524973,-122.1329422,0.0,,20.0,,,0.0,0.0
1707196384.359,0,,22.35,21.52656,15.36405,351.25785,,1.0,1.0,47.5524973,-122.132942,0.0,,20.0,,,0.0,0.0
1707196384.409,0,,22.4,21.54201,15.37025,351.25775,,1.0,1.0,47.5524973,-122.1329418,0.0,,20.0,,,0.0,0.0
1707196384.459,0,,22.45,21.55746,15.37645,351.25765,,1.0,1.0,47.5524972,-122.1329416,0.0,,20.0,,,0.0,0.0
1707196384.509,0,,22.5,21.57291,15.38265,351.25755,,1.0,1.0,47.5524972,-122.1329414,0.0,,20.0,,,0.0,0.0
1707196384.559,0,,22.55,21.58836,15.38885,351.25745,,1.0,1.0,47.5524972,-122.1329412,0.0,,20.0,,,0.0,0.0
1707196384.609,0,,22.6,21.60381,15.39505,351.25735,,1.0,1.0,47.5524971,-122.132941,0.0,,20.0,,,0.0,0.0
1707196384.659,0,,22.65,21.61926,15.40125,351.25725,,1.0,1.0,47.5524971,-122.1329408,0.0,,20.0,,,0.0,0.0
1707196384.709,0,,22.7,21.63471,15.40745,351.25715,,1.0,1.0,47.5524971,-122.1329406,0.0,,20.0,,,0.0,0.0
1707196384.759,0,,22.75,21.65016,15.41365,351.25705,,1.0,1.0,47.552497,-122.1329404,0.0,,20.0,,,0.0,0.0
1707196384.809,0,,22.8,21.66561,15.41985,351.25695,,1.0,1.0,47.552497,-122.1329402,0.0,,20.0,,,0.0,0.0
1707196384.859,0,,22.85,21.68106,15.42605,351.25685,,1.0,1.0,47.552497,-122.13294,0.0,,20.0,,,0.0,0.0
1707196384.909,0,,22.9,21.69651,15.43225,351.25675,,1.0,1.0,47.5524969,-122.1329398,0.0,,20.0,,,0.0,0.0
1707196384.959,0,,22.95,21.71196,15.43845,351.25665,,1.0,1.0,47.5524969,-122.1329396,0.0,,20.0,,,0.0,0.0
1707196385.009,0,,23.0,21.72741,15.44465,351.25655,,1.0,1.0,47.5524969,-122.1329394,0.0,,20.0,,,0.0,0.0
1707196385.059,0,,23.05,21.74286,15.45085,351.25645,,1.0,1.0,47.5524968,-122.1329392,0.0,,20.0,,,0.0,0.0
1707196385.109,0,,23.1,21.75831,15.45705,351.25635,,1.0,1.0,47.5524968,-122.132939,0.0,,20.0,,,0.0,0.0
1707196385.159,0,,23.15,21.77376,15.46325,351.25625,,1.0,1.0,47.5524968,-122.1329388,0.0,,20.0,,,0.0,0.0
1707196385.209,0,,23.2,21.78921,15.46945,351.25615,,1.0,1.0,47.5524967,-122.1329386,0.0,,20.0,,,0.0,0.0
1707196385.259,0,,23.25,21.80466,15.47565,351.25605,,1.0,1.0,47.5524967,-122.1329384,0.0,,20.0,,,0.0,0.0
1707196385.286,0,,23.277,21.813,15.479,351.256,,1.0,1.0,47.5524967,-122.1329383,0.0,,20.0,,,0.0,0.0
1707196385.309,0,,23.3,21.813,15.479,351.256,,1.0,1.0,47.5524967,-122.1329383,0.0,,20.0,,,0.0,0.0
1707196385.359,0,,23.35,21.813,15.479,351.256,,1.0,1.0,47.5524967,-122.1329383,0.0,,20.0,,,0.0,0.0
1707196385.409,0,,23.4,21.813,15.479,351.256,,1.0,1.0,47.5524967,-122.1329383,0.0,,20.0,,,0.0,0.0
1707196385.459,0,,23.45,21.813,15.479,351.256,,1.0,1.0,47.5524967,-122.1329383,0.0,,20.0,,,0.0,0.0
1707196385.509,0,,23.5,21.813,15.479,351.256,,1.0,1.0,47.5524967,-122.1329383,0.0,,20.0,,,0.0,0.0
1707196385.559,0,,23.55,21.813,15.479,351.256,,1.0,1.0,47.5524967,-122.1329383,0.0,,20.0,,,0.0,0.0
1707196385.609,0,,23.6,21.813,15.479,351.256,,1.0,1.0,47.5524967,-122.1329383,0.0,,20.0,,,0.0,0.0
1707196385.659,0,,23.65,21.813,15.479,351.256,,1.0,1.0,47.5524967,-122.1329383,0.0,,20.0,,,0.0,0.0
1707196385.709,0,,23.7,21.813,15.479,351.256,,1.0,1.0,47.5524967,-122.1329383,0.0,,20.0,,,0.0,0.0
1707196385.759,0,,23.75,21.813,15.479,351.256,,1.0,1.0,47.5524967,-122.1329383,0.0,,20.0,,,0.0,0.0
1707196385.809,0,,23.8,21.813,15.479,351.256,,1.0,1.0,47.5524967,-122.1329383,0.0,,20.0,,,0.0,0.0
1707196385.859,0,,23.85,21.813,15.479,351.256,,1.0,1.0,47.5524967,-122.1329383,0.0,,20.0,,,0.0,0.0
1707196385.909,0,,23.9,21.813,15.479,351.256,,1.0,1.0,47.5524967,-122.1329383,0.0,,20.0,,,0.0,0.0
1707196385.959,0,,23.95,21.813,15.479,351.256,,1.0,1.0,47.5524967,-122.1329383,0.0,,20.0,,,0.0,0.0
1707196386.009,0,,24.0,21.813,15.479,351.256,,1.0,1.0,47.5524967,-122.1329383,0.0,,20.0,,,0.0,0.0
1707196386.059,0,,24.05,21.813,15.479,351.256,,1.0,1.0,47.5524967,-122.1329383,0.0,,20.0,,,0.0,0.0
1707196386.109,0,,24.1,21.813,15.479,351.256,,1.0,1.0,47.5524967,-122.1329383,0.0,,20.0,,,0.0,0.0
1707196386.159,0,,24.15,21.813,15.479,351.256,,1.0,1.0,47.5524967,-122.1329383,0.0,,20.0,,,0.0,0.0
1707196386.209,0,,24.2,21.813,15.479,351.256,,1.0,1.0,47.5524967,-122.1329383,0.0,,20.0,,,0.0,0.0
1707196386.259,0,,24.25,21.813,15.479,351.256,,1.0,1.0,47.5524967,-122.1329383,0.0,,20.0,,,0.0,0.0
1707196386.286,0,,24.277,21.813,15.479,351.256,,1.0,1.0,47.5524967,-122.1329383,0.0,,20.0,,,0.0,0.0
